programa_propio,generica_sies,area_sies,nivel_condicion,isced_amplio_cod,isced_amplio,isced_estrecho_cod,isced_estrecho,isced_detallado_cod,isced_detallado,dist_niveles_sies,n_programas_sies_2026
Actuación y Teatro,Actuación y Teatro,Arte y Arquitectura,profesional | profesional_con_grado,02,Arts and humanities,021,Arts,0215,Music and performing arts,profesional 30.8% | profesional_con_grado 69.2%,26.0
Administración Gastronómica,Administración Gastronómica,Administración y Comercio,profesional | profesional_con_grado | licenciatura,10,Services,101,Personal services,1013,"Hotel, restaurants and catering",profesional 96.0% | profesional_con_grado 2.7% | licenciatura 1.3%,75.0
Administración Pública,Administración Pública,Ciencias Sociales,profesional | profesional_con_grado | licenciatura,04,"Business, administration and law",041,Business and administration,0413,Management and administration,profesional 48.9% | profesional_con_grado 50.0% | licenciatura 1.1%,176.0
Administración Turística y Hotelera,Administración Turística y Hotelera,Administración y Comercio,profesional | profesional_con_grado,10,Services,101,Personal services,1015,"Travel, tourism and leisure",profesional 80.8% | profesional_con_grado 19.2%,125.0
Administración de Empresas e Ing. Asociadas,Administración de Empresas e Ing. Asociadas,Administración y Comercio,profesional | profesional_con_grado,04,"Business, administration and law",041,Business and administration,0413,Management and administration,profesional 90.3% | profesional_con_grado 9.7%,1043.0
Agronomía,Agronomía,Agropecuaria,profesional_con_grado,08,"Agriculture, forestry, fisheries and veterinary",081,Agriculture,0811,Crop and livestock production,profesional_con_grado 100.0%,54.0
Analista Químico,Analista Químico,Ciencias Básicas,profesional | profesional_con_grado,05,"Natural sciences, mathematics and statistics",053,Physical sciences,0531,Chemistry,profesional 40.0% | profesional_con_grado 60.0%,5.0
Animación Digital,Animación Digital,Arte y Arquitectura,profesional | profesional_con_grado,02,Arts and humanities,021,Arts,0211,Audio-visual techniques and media production,profesional 50.0% | profesional_con_grado 50.0%,20.0
Antropología,Antropología,Ciencias Sociales,profesional_con_grado | licenciatura,03,"Social sciences, journalism and information",031,Social and behavioural sciences,0314,Sociology and cultural studies,profesional_con_grado 92.9% | licenciatura 7.1%,14.0
Arqueología,Arqueología,Ciencias Sociales,profesional_con_grado,02,Arts and humanities,022,Humanities (except languages),0222,History and archaeology,profesional_con_grado 100.0%,5.0
Arquitectura,Arquitectura,Arte y Arquitectura,profesional | profesional_con_grado,07,"Engineering, manufacturing and construction",073,Architecture and construction,0731,Architecture and town planning,profesional 1.3% | profesional_con_grado 98.7%,76.0
Artes y Licenciatura en Artes,Artes y Licenciatura en Artes,Arte y Arquitectura,profesional_con_grado | licenciatura,02,Arts and humanities,021,Arts,0213,Fine arts,profesional_con_grado 20.8% | licenciatura 79.2%,48.0
Bibliotecología,Bibliotecología,Humanidades,profesional_con_grado,03,"Social sciences, journalism and information",032,Journalism and information,0322,"Library, information and archival studies",profesional_con_grado 100.0%,8.0
Biología,Biología,Ciencias Básicas,profesional_con_grado | licenciatura,05,"Natural sciences, mathematics and statistics",051,Biological and related sciences,0511,Biology,profesional_con_grado 72.7% | licenciatura 27.3%,11.0
Biología Marina y Ecología Marina,Biología Marina y Ecología Marina,Ciencias Básicas,profesional_con_grado,05,"Natural sciences, mathematics and statistics",051,Biological and related sciences,0511,Biology,profesional_con_grado 100.0%,12.0
Bioquímica,Bioquímica,Ciencias Básicas,profesional_con_grado,05,"Natural sciences, mathematics and statistics",051,Biological and related sciences,0512,Biochemistry,profesional_con_grado 100.0%,14.0
Ciencias Políticas,Ciencias Políticas,Ciencias Sociales,profesional_con_grado,03,"Social sciences, journalism and information",031,Social and behavioural sciences,0312,Political sciences and civics,profesional_con_grado 100.0%,21.0
Comunicación Audiovisual y/o Multimedia,Comunicación Audiovisual y/o Multimedia,Arte y Arquitectura,profesional | profesional_con_grado | licenciatura,02,Arts and humanities,021,Arts,0211,Audio-visual techniques and media production,profesional 38.9% | profesional_con_grado 58.3% | licenciatura 2.8%,36.0
Construcción Civil,Construcción Civil,Tecnología,profesional | profesional_con_grado,07,"Engineering, manufacturing and construction",073,Architecture and construction,0732,Building and civil engineering,profesional 92.9% | profesional_con_grado 7.1%,184.0
Contador Auditor,Contador Auditor,Administración y Comercio,profesional | profesional_con_grado,04,"Business, administration and law",041,Business and administration,0411,Accounting and taxation,profesional 58.1% | profesional_con_grado 41.9%,413.0
Derecho,Derecho,Derecho,profesional_con_grado,04,"Business, administration and law",042,Law,0421,Law,profesional_con_grado 100.0%,189.0
Diseño Gráfico,Diseño Gráfico,Arte y Arquitectura,profesional | profesional_con_grado,02,Arts and humanities,021,Arts,0212,"Fashion, interior and industrial design",profesional 74.6% | profesional_con_grado 25.4%,122.0
Diseño Industrial,Diseño Industrial,Tecnología,profesional | profesional_con_grado,02,Arts and humanities,021,Arts,0212,"Fashion, interior and industrial design",profesional 50.0% | profesional_con_grado 50.0%,24.0
Diseño de Ambientes e Interiores,Diseño de Ambientes e Interiores,Arte y Arquitectura,profesional | profesional_con_grado,02,Arts and humanities,021,Arts,0212,"Fashion, interior and industrial design",profesional 66.7% | profesional_con_grado 33.3%,9.0
Diseño de Vestuario,Diseño de Vestuario,Arte y Arquitectura,profesional | profesional_con_grado,02,Arts and humanities,021,Arts,0212,"Fashion, interior and industrial design",profesional 84.4% | profesional_con_grado 15.6%,32.0
Ecología,Otros Profesionales de Ciencias Básicas,Ciencias Básicas,profesional_con_grado,05,"Natural sciences, mathematics and statistics",052,Environment,0521,Environmental sciences,,
Enfermería,Enfermería,Salud,profesional_con_grado,09,Health and welfare,091,Health,0913,Nursing and midwifery,profesional_con_grado 100.0%,115.0
Filosofía,Filosofía,Humanidades,licenciatura,02,Arts and humanities,022,Humanities (except languages),0223,Philosophy and ethics,licenciatura 100.0%,20.0
Fonoaudiología,Fonoaudiología,Salud,profesional | profesional_con_grado | licenciatura,09,Health and welfare,091,Health,0915,Therapy and rehabilitation,profesional 9.2% | profesional_con_grado 89.5% | licenciatura 1.3%,76.0
Fotografía,Fotografía,Arte y Arquitectura,profesional | profesional_con_grado,02,Arts and humanities,021,Arts,0211,Audio-visual techniques and media production,profesional 83.3% | profesional_con_grado 16.7%,6.0
Física y Astronomía,Física y Astronomía,Ciencias Básicas,profesional_con_grado | licenciatura,05,"Natural sciences, mathematics and statistics",053,Physical sciences,0533,Physics,profesional_con_grado 25.8% | licenciatura 74.2%,31.0
Geografía,Geografía,Ciencias Sociales,profesional_con_grado,03,"Social sciences, journalism and information",031,Social and behavioural sciences,0314,Sociology and cultural studies,profesional_con_grado 100.0%,9.0
Geología,Geología,Ciencias Básicas,profesional_con_grado,05,"Natural sciences, mathematics and statistics",053,Physical sciences,0532,Earth sciences,profesional_con_grado 100.0%,29.0
Historia,Historia,Ciencias Sociales,profesional_con_grado | licenciatura,02,Arts and humanities,022,Humanities (except languages),0222,History and archaeology,profesional_con_grado 3.3% | licenciatura 96.7%,30.0
Ingeniería Agroindustrial,Ingeniería Agroindustrial,Tecnología,profesional | profesional_con_grado,07,"Engineering, manufacturing and construction",072,Manufacturing and processing,0721,Food processing,profesional 50.0% | profesional_con_grado 50.0%,6.0
Ingeniería Agrícola,Ingeniería Agrícola,Agropecuaria,profesional,08,"Agriculture, forestry, fisheries and veterinary",081,Agriculture,0811,Crop and livestock production,profesional 100.0%,72.0
Ingeniería Civil,,Tecnología,profesional_con_grado,07,"Engineering, manufacturing and construction",078,,0788,"Inter-disciplinary programmes involving engineering, manufacturing and construction",,
Ingeniería Civil Ambiental,Ingeniería Civil Ambiental,Tecnología,profesional_con_grado,07,"Engineering, manufacturing and construction",071,Engineering and engineering trades,0712,Environmental protection technology,profesional_con_grado 100.0%,21.0
Ingeniería Civil Bioquímica,Ingeniería Civil Bioquímica,Tecnología,profesional_con_grado,07,"Engineering, manufacturing and construction",071,Engineering and engineering trades,0711,Chemical engineering and processes,profesional_con_grado 100.0%,2.0
Ingeniería Civil Electrónica,Ingeniería Civil Electrónica,Tecnología,profesional | profesional_con_grado,07,"Engineering, manufacturing and construction",071,Engineering and engineering trades,0714,Electronics and automation,profesional 4.3% | profesional_con_grado 95.7%,23.0
Ingeniería Civil Eléctrica,Ingeniería Civil Eléctrica,Tecnología,profesional | profesional_con_grado,07,"Engineering, manufacturing and construction",071,Engineering and engineering trades,0713,Electricity and energy,profesional 2.8% | profesional_con_grado 97.2%,36.0
Ingeniería Civil Hidráulica,Otras Ingenierías Civiles,Tecnología,profesional_con_grado,07,"Engineering, manufacturing and construction",073,Architecture and construction,0732,Building and civil engineering,,
Ingeniería Civil Industrial,Ingeniería Civil Industrial,Tecnología,profesional | profesional_con_grado,04,"Business, administration and law",041,Business and administration,0413,Management and administration,profesional 0.4% | profesional_con_grado 99.6%,258.0
Ingeniería Civil Matemática y Estadística,Ingeniería Civil Matemática y Estadística,Ciencias Básicas,profesional_con_grado,05,"Natural sciences, mathematics and statistics",054,Mathematics and statistics,0541,Mathematics,profesional_con_grado 100.0%,16.0
Ingeniería Civil Mecánica,Ingeniería Civil Mecánica,Tecnología,profesional | profesional_con_grado,07,"Engineering, manufacturing and construction",071,Engineering and engineering trades,0715,Mechanics and metal trades,profesional 2.6% | profesional_con_grado 97.4%,38.0
Ingeniería Civil Metalúrgica,Ingeniería Civil Metalúrgica,Tecnología,profesional_con_grado,07,"Engineering, manufacturing and construction",071,Engineering and engineering trades,0715,Mechanics and metal trades,profesional_con_grado 100.0%,22.0
Ingeniería Civil Química,Ingeniería Civil Química,Tecnología,profesional | profesional_con_grado,07,"Engineering, manufacturing and construction",071,Engineering and engineering trades,0711,Chemical engineering and processes,profesional 3.7% | profesional_con_grado 96.3%,27.0
Ingeniería Civil en Biomédica,Ingeniería Civil en Biomédica,Tecnología,profesional_con_grado,07,"Engineering, manufacturing and construction",071,Engineering and engineering trades,0714,Electronics and automation,profesional_con_grado 100.0%,9.0
Ingeniería Civil en Biotecnología y/o Bioingeniería,Ingeniería Civil en Biotecnología y/o Bioingeniería,Tecnología,profesional_con_grado,07,"Engineering, manufacturing and construction",071,Engineering and engineering trades,0711,Chemical engineering and processes,profesional_con_grado 100.0%,12.0
Ingeniería Civil en Computación e Informática,Ingeniería Civil en Computación e Informática,Tecnología,profesional_con_grado,06,Information and Communication Technologies (ICTs),061,Information and Communication Technologies (ICTs),0613,Software and applications development and analysis,profesional_con_grado 100.0%,116.0
Ingeniería Civil en Geografía,Ingeniería Civil en Geografía,Tecnología,profesional_con_grado,07,"Engineering, manufacturing and construction",073,Architecture and construction,0731,Architecture and town planning,profesional_con_grado 100.0%,2.0
Ingeniería Civil en Geomática y Geomensura,Ingeniería Civil en Geomática y Geomensura,Ciencias Básicas,profesional_con_grado,07,"Engineering, manufacturing and construction",073,Architecture and construction,0732,Building and civil engineering,profesional_con_grado 100.0%,4.0
Ingeniería Civil en Minas,Ingeniería Civil en Minas,Tecnología,profesional_con_grado,07,"Engineering, manufacturing and construction",072,Manufacturing and processing,0724,Mining and extraction,profesional_con_grado 100.0%,59.0
Ingeniería Civil en Obras Civiles,Ingeniería Civil en Obras Civiles,Tecnología,profesional_con_grado,07,"Engineering, manufacturing and construction",073,Architecture and construction,0732,Building and civil engineering,profesional_con_grado 100.0%,32.0
Ingeniería Civil en Sonido y Acústica,Ingeniería Civil en Sonido y Acústica,Tecnología,profesional_con_grado,07,"Engineering, manufacturing and construction",071,Engineering and engineering trades,0714,Electronics and automation,profesional_con_grado 100.0%,2.0
Ingeniería Civil en Telemática,Ingeniería Civil en Telemática,Tecnología,profesional_con_grado,06,Information and Communication Technologies (ICTs),061,Information and Communication Technologies (ICTs),0612,Database and network design and administration,profesional_con_grado 100.0%,7.0
Ingeniería Comercial,Ingeniería Comercial,Administración y Comercio,profesional | profesional_con_grado,04,"Business, administration and law",041,Business and administration,0413,Management and administration,profesional 0.3% | profesional_con_grado 99.7%,361.0
Ingeniería Forestal,Ingeniería Forestal,Agropecuaria,profesional_con_grado,08,"Agriculture, forestry, fisheries and veterinary",082,Forestry,0821,Forestry,profesional_con_grado 100.0%,10.0
Ingeniería Industrial,Ingeniería Industrial,Tecnología,profesional | profesional_con_grado,04,"Business, administration and law",041,Business and administration,0413,Management and administration,profesional 60.7% | profesional_con_grado 39.3%,338.0
Ingeniería Marina y Marítimo Portuaria,Ingeniería Marina y Marítimo Portuaria,Tecnología,profesional | profesional_con_grado,07,"Engineering, manufacturing and construction",071,Engineering and engineering trades,0716,"Motor vehicles, ships and aircraft",profesional 72.7% | profesional_con_grado 27.3%,11.0
Ingeniería Mecánica,Ingeniería Mecánica,Tecnología,profesional | profesional_con_grado,07,"Engineering, manufacturing and construction",071,Engineering and engineering trades,0715,Mechanics and metal trades,profesional 80.6% | profesional_con_grado 19.4%,72.0
Ingeniería Naval,Ingeniería Naval,Tecnología,profesional_con_grado,07,"Engineering, manufacturing and construction",071,Engineering and engineering trades,0716,"Motor vehicles, ships and aircraft",profesional_con_grado 100.0%,2.0
Ingeniería en Acuicultura y Pesca,Ingeniería en Acuicultura y Pesca,Agropecuaria,profesional | profesional_con_grado,08,"Agriculture, forestry, fisheries and veterinary",083,Fisheries,0831,Fisheries,profesional 15.4% | profesional_con_grado 84.6%,13.0
Ingeniería en Alimentos,Ingeniería en Alimentos,Tecnología,profesional | profesional_con_grado,07,"Engineering, manufacturing and construction",072,Manufacturing and processing,0721,Food processing,profesional 16.7% | profesional_con_grado 83.3%,18.0
"Ingeniería en Automatización, Instrumentación y Control","Ingeniería en Automatización, Instrumentación y Control",Tecnología,profesional | profesional_con_grado,07,"Engineering, manufacturing and construction",071,Engineering and engineering trades,0714,Electronics and automation,profesional 95.7% | profesional_con_grado 4.3%,162.0
Ingeniería en Aviación Comercial,Otras Ingenierías,Tecnología,profesional_con_grado,07,"Engineering, manufacturing and construction",071,Engineering and engineering trades,0716,"Motor vehicles, ships and aircraft",,
Ingeniería en Biotecnología y Bioingeniería,Ingeniería en Biotecnología y Bioingeniería,Tecnología,profesional | profesional_con_grado,07,"Engineering, manufacturing and construction",071,Engineering and engineering trades,0711,Chemical engineering and processes,profesional 5.3% | profesional_con_grado 94.7%,19.0
Ingeniería en Comercio Exterior,Ingeniería en Comercio Exterior,Administración y Comercio,profesional | profesional_con_grado,04,"Business, administration and law",041,Business and administration,0416,Wholesale and retail sales,profesional 82.3% | profesional_con_grado 17.7%,79.0
Ingeniería en Computación e Informática,Ingeniería en Computación e Informática,Tecnología,profesional | profesional_con_grado,06,Information and Communication Technologies (ICTs),061,Information and Communication Technologies (ICTs),0613,Software and applications development and analysis,profesional 75.6% | profesional_con_grado 24.4%,505.0
Ingeniería en Conectividad y Redes,Ingeniería en Conectividad y Redes,Tecnología,profesional | profesional_con_grado,06,Information and Communication Technologies (ICTs),061,Information and Communication Technologies (ICTs),0612,Database and network design and administration,profesional 90.1% | profesional_con_grado 9.9%,171.0
Ingeniería en Construcción,Ingeniería en Construcción,Tecnología,profesional | profesional_con_grado,07,"Engineering, manufacturing and construction",073,Architecture and construction,0732,Building and civil engineering,profesional 44.3% | profesional_con_grado 55.7%,167.0
Ingeniería en Control de Gestión,Ingeniería en Control de Gestión,Administración y Comercio,profesional | profesional_con_grado,04,"Business, administration and law",041,Business and administration,0413,Management and administration,profesional 33.9% | profesional_con_grado 66.1%,62.0
Ingeniería en Electricidad,Ingeniería en Electricidad,Tecnología,profesional | profesional_con_grado,07,"Engineering, manufacturing and construction",071,Engineering and engineering trades,0713,Electricity and energy,profesional 84.8% | profesional_con_grado 15.2%,223.0
Ingeniería en Electrónica,Ingeniería en Electrónica,Tecnología,profesional | profesional_con_grado,07,"Engineering, manufacturing and construction",071,Engineering and engineering trades,0714,Electronics and automation,profesional 67.7% | profesional_con_grado 32.3%,31.0
Ingeniería en Energía,Ingeniería en Energía,Tecnología,profesional | profesional_con_grado,07,"Engineering, manufacturing and construction",071,Engineering and engineering trades,0713,Electricity and energy,profesional 82.6% | profesional_con_grado 17.4%,23.0
Ingeniería en Finanzas,Ingeniería en Finanzas,Administración y Comercio,profesional | profesional_con_grado,04,"Business, administration and law",041,Business and administration,0412,"Finance, banking and insurance",profesional 96.9% | profesional_con_grado 3.1%,96.0
Ingeniería en Geomensura y Cartografía,Ingeniería en Geomensura y Cartografía,Ciencias Básicas,profesional | profesional_con_grado,07,"Engineering, manufacturing and construction",073,Architecture and construction,0732,Building and civil engineering,profesional 84.1% | profesional_con_grado 15.9%,44.0
Ingeniería en Gestión y Control de Calidad,Ingeniería en Gestión y Control de Calidad,Administración y Comercio,profesional,04,"Business, administration and law",041,Business and administration,0413,Management and administration,profesional 100.0%,6.0
Ingeniería en Industria de la Madera,Ingeniería en Industria de la Madera,Tecnología,profesional_con_grado,07,"Engineering, manufacturing and construction",072,Manufacturing and processing,0722,"Materials (glass, paper, plastic and wood)",profesional_con_grado 100.0%,2.0
Ingeniería en Logística,Ingeniería en Logística,Administración y Comercio,profesional | profesional_con_grado,10,Services,104,Transport services,1041,Transport services,profesional 92.4% | profesional_con_grado 7.6%,172.0
Ingeniería en Marketing,Ingeniería en Marketing,Administración y Comercio,profesional | profesional_con_grado,04,"Business, administration and law",041,Business and administration,0414,Marketing and advertising,profesional 97.0% | profesional_con_grado 3.0%,101.0
Ingeniería en Matemática y Estadística,Ingeniería en Matemática y Estadística,Ciencias Básicas,profesional | profesional_con_grado,05,"Natural sciences, mathematics and statistics",054,Mathematics and statistics,0541,Mathematics,profesional 61.7% | profesional_con_grado 38.3%,47.0
Ingeniería en Mecatrónica,Ingeniería en Mecatrónica,Tecnología,profesional | profesional_con_grado,07,"Engineering, manufacturing and construction",071,Engineering and engineering trades,0714,Electronics and automation,profesional 77.8% | profesional_con_grado 22.2%,18.0
Ingeniería en Mecánica Automotriz,Ingeniería en Mecánica Automotriz,Tecnología,profesional,07,"Engineering, manufacturing and construction",071,Engineering and engineering trades,0716,"Motor vehicles, ships and aircraft",profesional 100.0%,163.0
Ingeniería en Medio Ambiente,Ingeniería en Medio Ambiente,Tecnología,profesional | profesional_con_grado,05,"Natural sciences, mathematics and statistics",052,Environment,0521,Environmental sciences,profesional 43.6% | profesional_con_grado 56.4%,39.0
Ingeniería en Minas,Ingeniería en Minas,Tecnología,profesional | profesional_con_grado,07,"Engineering, manufacturing and construction",072,Manufacturing and processing,0724,Mining and extraction,profesional 66.7% | profesional_con_grado 33.3%,93.0
Ingeniería en Prevención de Riesgos,Ingeniería en Prevención de Riesgos,Tecnología,profesional | profesional_con_grado,07,"Engineering, manufacturing and construction",071,Engineering and engineering trades,0712,Environmental protection technology,profesional 90.5% | profesional_con_grado 9.5%,379.0
Ingeniería en Proyectos Estructurales,Ingeniería en Proyectos Estructurales,Tecnología,profesional | profesional_con_grado,07,"Engineering, manufacturing and construction",073,Architecture and construction,0732,Building and civil engineering,profesional 75.0% | profesional_con_grado 25.0%,4.0
Ingeniería en Química,Ingeniería en Química,Tecnología,profesional | profesional_con_grado,07,"Engineering, manufacturing and construction",071,Engineering and engineering trades,0711,Chemical engineering and processes,profesional 64.7% | profesional_con_grado 35.3%,17.0
Ingeniería en Recursos Humanos,Ingeniería en Recursos Humanos,Administración y Comercio,profesional | profesional_con_grado,04,"Business, administration and law",041,Business and administration,0413,Management and administration,profesional 96.9% | profesional_con_grado 3.1%,130.0
Ingeniería en Recursos Renovables,Ingeniería en Recursos Renovables,Tecnología,profesional_con_grado,05,"Natural sciences, mathematics and statistics",052,Environment,0522,Natural environments and wildlife,profesional_con_grado 100.0%,9.0
Ingeniería en Refrigeración y Climatización,Ingeniería en Refrigeración y Climatización,Tecnología,profesional | profesional_con_grado,07,"Engineering, manufacturing and construction",071,Engineering and engineering trades,0715,Mechanics and metal trades,profesional 78.6% | profesional_con_grado 21.4%,14.0
Ingeniería en Sonido,Ingeniería en Sonido,Tecnología,profesional | profesional_con_grado,02,Arts and humanities,021,Arts,0211,Audio-visual techniques and media production,profesional 86.7% | profesional_con_grado 13.3%,30.0
Ingeniería en Telecomunicaciones,Ingeniería en Telecomunicaciones,Tecnología,profesional | profesional_con_grado,07,"Engineering, manufacturing and construction",071,Engineering and engineering trades,0714,Electronics and automation,profesional 97.4% | profesional_con_grado 2.6%,39.0
Ingeniería en Transporte y Tránsito,Ingeniería en Transporte y Tránsito,Tecnología,profesional_con_grado,07,"Engineering, manufacturing and construction",073,Architecture and construction,0731,Architecture and town planning,profesional_con_grado 100.0%,2.0
Kinesiología,Kinesiología,Salud,profesional | profesional_con_grado | licenciatura,09,Health and welfare,091,Health,0915,Therapy and rehabilitation,profesional 6.9% | profesional_con_grado 92.1% | licenciatura 1.0%,101.0
Licenciatura en Letras y Literatura,Licenciatura en Letras y Literatura,Humanidades,profesional_con_grado | licenciatura,02,Arts and humanities,023,Languages,0232,Literature and linguistics,profesional_con_grado 13.6% | licenciatura 86.4%,22.0
Matemática y/o Estadística,Matemática y/o Estadística,Ciencias Básicas,profesional_con_grado | licenciatura,05,"Natural sciences, mathematics and statistics",054,Mathematics and statistics,0541,Mathematics,profesional_con_grado 46.2% | licenciatura 53.8%,13.0
Medicina,Medicina,Salud,profesional_con_grado,09,Health and welfare,091,Health,0912,Medicine,profesional_con_grado 100.0%,48.0
Medicina Veterinaria,Medicina Veterinaria,Agropecuaria,profesional_con_grado,08,"Agriculture, forestry, fisheries and veterinary",084,Veterinary,0841,Veterinary,profesional_con_grado 100.0%,54.0
Museografía,Postítulo en Humanidades,Humanidades,posgrado_postitulo,03,"Social sciences, journalism and information",032,Journalism and information,0322,"Library, information and archival studies",,
"Música, Canto o Danza","Música, Canto o Danza",Arte y Arquitectura,profesional | profesional_con_grado | licenciatura,02,Arts and humanities,021,Arts,0215,Music and performing arts,profesional 26.7% | profesional_con_grado 65.1% | licenciatura 8.1%,86.0
Nutrición y Dietética,Nutrición y Dietética,Salud,profesional | profesional_con_grado | licenciatura,09,Health and welfare,091,Health,0919,Health not elsewhere classified,profesional 8.9% | profesional_con_grado 90.0% | licenciatura 1.1%,90.0
Obstetricia y Puericultura,Obstetricia y Puericultura,Salud,profesional_con_grado,09,Health and welfare,091,Health,0913,Nursing and midwifery,profesional_con_grado 100.0%,41.0
Oceanografía,Otros Profesionales de Ciencias Básicas,Ciencias Básicas,profesional_con_grado,05,"Natural sciences, mathematics and statistics",053,Physical sciences,0532,Earth sciences,,
Odontología,Odontología,Salud,profesional_con_grado,09,Health and welfare,091,Health,0911,Dental studies,profesional_con_grado 100.0%,40.0
Paisajismo,Paisajismo,Arte y Arquitectura,profesional | profesional_con_grado,07,"Engineering, manufacturing and construction",073,Architecture and construction,0731,Architecture and town planning,profesional 50.0% | profesional_con_grado 50.0%,2.0
Pedagogía en Artes y Música,Pedagogía en Artes y Música,Educación,profesional_con_grado,01,Education,011,Education,0114,Teacher training with subject specialisation,profesional_con_grado 100.0%,47.0
Pedagogía en Ciencias,Pedagogía en Ciencias,Educación,profesional_con_grado,01,Education,011,Education,0114,Teacher training with subject specialisation,profesional_con_grado 100.0%,60.0
Pedagogía en Educación Básica,Pedagogía en Educación Básica,Educación,profesional_con_grado,01,Education,011,Education,0113,Teacher training without subject specialisation,profesional_con_grado 100.0%,126.0
Pedagogía en Educación Diferencial,Pedagogía en Educación Diferencial,Educación,profesional | profesional_con_grado,01,Education,011,Education,0114,Teacher training with subject specialisation,profesional 1.7% | profesional_con_grado 98.3%,120.0
Pedagogía en Educación Física,Pedagogía en Educación Física,Educación,profesional_con_grado,01,Education,011,Education,0114,Teacher training with subject specialisation,profesional_con_grado 100.0%,106.0
Pedagogía en Educación de Párvulos,Pedagogía en Educación de Párvulos,Educación,profesional_con_grado,01,Education,011,Education,0112,Training for pre-school teachers,profesional_con_grado 100.0%,130.0
Pedagogía en Filosofía y Religión,Pedagogía en Filosofía y Religión,Educación,profesional | profesional_con_grado,01,Education,011,Education,0114,Teacher training with subject specialisation,profesional 3.2% | profesional_con_grado 96.8%,31.0
"Pedagogía en Historia, Geografía y Ciencias Sociales","Pedagogía en Historia, Geografía y Ciencias Sociales",Educación,profesional_con_grado,01,Education,011,Education,0114,Teacher training with subject specialisation,profesional_con_grado 100.0%,47.0
Pedagogía en Idiomas,Pedagogía en Idiomas,Educación,profesional | profesional_con_grado,01,Education,011,Education,0114,Teacher training with subject specialisation,profesional 2.9% | profesional_con_grado 97.1%,102.0
"Pedagogía en Lenguaje, Comunicación y/o Castellano","Pedagogía en Lenguaje, Comunicación y/o Castellano",Educación,profesional_con_grado,01,Education,011,Education,0114,Teacher training with subject specialisation,profesional_con_grado 100.0%,53.0
Pedagogía en Matemáticas y Computación,Pedagogía en Matemáticas y Computación,Educación,profesional_con_grado,01,Education,011,Education,0114,Teacher training with subject specialisation,profesional_con_grado 100.0%,58.0
Periodismo,Periodismo,Ciencias Sociales,profesional_con_grado,03,"Social sciences, journalism and information",032,Journalism and information,0321,Journalism and reporting,profesional_con_grado 100.0%,71.0
Piloto Comercial,Otros Profesionales de Tecnología,Tecnología,profesional,07,"Engineering, manufacturing and construction",071,Engineering and engineering trades,0716,"Motor vehicles, ships and aircraft",,
Psicología,Psicología,Ciencias Sociales,profesional_con_grado,03,"Social sciences, journalism and information",031,Social and behavioural sciences,0313,Psychology,profesional_con_grado 100.0%,196.0
Psicopedagogía,Psicopedagogía,Educación,profesional | profesional_con_grado | licenciatura,01,Education,011,Education,0111,Education science,profesional 84.5% | profesional_con_grado 15.0% | licenciatura 0.5%,206.0
Publicidad,Publicidad,Ciencias Sociales,profesional | profesional_con_grado,04,"Business, administration and law",041,Business and administration,0414,Marketing and advertising,profesional 53.2% | profesional_con_grado 46.8%,47.0
Quiropraxia,Otros Profesionales de Salud,Salud,profesional_con_grado,09,Health and welfare,091,Health,0915,Therapy and rehabilitation,,
Química Industrial,Química Industrial,Tecnología,profesional_con_grado,07,"Engineering, manufacturing and construction",071,Engineering and engineering trades,0711,Chemical engineering and processes,profesional_con_grado 100.0%,4.0
Química y Farmacia,Química y Farmacia,Salud,profesional_con_grado,09,Health and welfare,091,Health,0916,Pharmacy,profesional_con_grado 100.0%,40.0
"Química, Licenciado en Química","Química, Licenciado en Química",Ciencias Básicas,profesional_con_grado | licenciatura,05,"Natural sciences, mathematics and statistics",053,Physical sciences,0531,Chemistry,profesional_con_grado 80.0% | licenciatura 20.0%,15.0
Realizador de Cine y Televisión,Realizador de Cine y Televisión,Arte y Arquitectura,profesional | profesional_con_grado | licenciatura,02,Arts and humanities,021,Arts,0211,Audio-visual techniques and media production,profesional 5.6% | profesional_con_grado 83.3% | licenciatura 11.1%,18.0
Relaciones Públicas,Relaciones Públicas,Ciencias Sociales,profesional | profesional_con_grado,04,"Business, administration and law",041,Business and administration,0414,Marketing and advertising,profesional 66.7% | profesional_con_grado 33.3%,45.0
Secretariado Bilingüe,Secretariado Bilingüe,Administración y Comercio,tecnico,04,"Business, administration and law",041,Business and administration,0415,Secretarial and office work,tecnico 100.0%,7.0
Secretariado Ejecutivo,Secretariado Ejecutivo,Administración y Comercio,tecnico,04,"Business, administration and law",041,Business and administration,0415,Secretarial and office work,tecnico 100.0%,14.0
Sociología,Sociología,Ciencias Sociales,profesional_con_grado,03,"Social sciences, journalism and information",031,Social and behavioural sciences,0314,Sociology and cultural studies,profesional_con_grado 100.0%,33.0
Tecnología Médica,Tecnología Médica,Salud,profesional_con_grado,09,Health and welfare,091,Health,0914,Medical diagnostic and treatment technology,profesional_con_grado 100.0%,56.0
Teología,Otros Profesionales de Humanidades,Humanidades,profesional_con_grado,02,Arts and humanities,022,Humanities (except languages),0221,Religion and theology,,
Terapia Ocupacional,Terapia Ocupacional,Salud,profesional | profesional_con_grado | licenciatura,09,Health and welfare,091,Health,0915,Therapy and rehabilitation,profesional 6.3% | profesional_con_grado 92.4% | licenciatura 1.3%,79.0
Trabajo Social,Trabajo Social,Ciencias Sociales,profesional | profesional_con_grado | licenciatura,09,Health and welfare,092,Welfare,0923,Social work and counselling,profesional 44.9% | profesional_con_grado 40.3% | licenciatura 14.9%,477.0
Traducción e Interpretación,Traducción e Interpretación,Humanidades,profesional | profesional_con_grado,02,Arts and humanities,023,Languages,0232,Literature and linguistics,profesional 37.5% | profesional_con_grado 62.5%,56.0
Técnico Agente o Visitador Médico,Técnico Agente o Visitador Médico,Administración y Comercio,tecnico,04,"Business, administration and law",041,Business and administration,0416,Wholesale and retail sales,tecnico 100.0%,5.0
Técnico Agropecuario,Técnico Agropecuario,Agropecuaria,tecnico,08,"Agriculture, forestry, fisheries and veterinary",081,Agriculture,0811,Crop and livestock production,tecnico 100.0%,142.0
Técnico Asistente del Educador Diferencial,Técnico Asistente del Educador Diferencial,Educación,tecnico,01,Education,011,Education,0114,Teacher training with subject specialisation,tecnico 100.0%,212.0
Técnico Asistente del Educador de Párvulos,Técnico Asistente del Educador de Párvulos,Educación,tecnico,01,Education,011,Education,0112,Training for pre-school teachers,tecnico 100.0%,429.0
Técnico Dental y Asistente de Odontología,Técnico Dental y Asistente de Odontología,Salud,tecnico,09,Health and welfare,091,Health,0911,Dental studies,tecnico 100.0%,104.0
Técnico Jurídico,Técnico Jurídico,Derecho,tecnico,04,"Business, administration and law",042,Law,0421,Law,tecnico 100.0%,106.0
Técnico Veterinario,Técnico Veterinario,Agropecuaria,tecnico,08,"Agriculture, forestry, fisheries and veterinary",084,Veterinary,0841,Veterinary,tecnico 100.0%,57.0
Técnico en Acuicultura y Pesca,Técnico en Acuicultura y Pesca,Agropecuaria,tecnico,08,"Agriculture, forestry, fisheries and veterinary",083,Fisheries,0831,Fisheries,tecnico 100.0%,12.0
Técnico en Administración Financiera y Finanzas,Técnico en Administración Financiera y Finanzas,Administración y Comercio,tecnico,04,"Business, administration and law",041,Business and administration,0412,"Finance, banking and insurance",tecnico 100.0%,130.0
Técnico en Administración de Empresas,Técnico en Administración de Empresas,Administración y Comercio,tecnico,04,"Business, administration and law",041,Business and administration,0413,Management and administration,tecnico 100.0%,945.0
Técnico en Administración de Recursos Humanos y Personal,Técnico en Administración de Recursos Humanos y Personal,Administración y Comercio,tecnico,04,"Business, administration and law",041,Business and administration,0413,Management and administration,tecnico 100.0%,169.0
Técnico en Administración de Redes y Soporte,Técnico en Administración de Redes y Soporte,Tecnología,tecnico,06,Information and Communication Technologies (ICTs),061,Information and Communication Technologies (ICTs),0612,Database and network design and administration,tecnico 100.0%,148.0
Técnico en Administración de Ventas,Técnico en Administración de Ventas,Administración y Comercio,tecnico,04,"Business, administration and law",041,Business and administration,0416,Wholesale and retail sales,tecnico 100.0%,55.0
Técnico en Administración en Marketing,Técnico en Administración en Marketing,Administración y Comercio,tecnico,04,"Business, administration and law",041,Business and administration,0414,Marketing and advertising,tecnico 100.0%,103.0
Técnico en Alimentos,Técnico en Alimentos,Tecnología,tecnico,07,"Engineering, manufacturing and construction",072,Manufacturing and processing,0721,Food processing,tecnico 100.0%,37.0
Técnico en Análisis de Sistemas,Técnico en Análisis de Sistemas,Tecnología,tecnico,06,Information and Communication Technologies (ICTs),061,Information and Communication Technologies (ICTs),0613,Software and applications development and analysis,tecnico 100.0%,15.0
Técnico en Biotecnología Industrial,Técnico en Biotecnología Industrial,Tecnología,tecnico,07,"Engineering, manufacturing and construction",071,Engineering and engineering trades,0711,Chemical engineering and processes,tecnico 100.0%,2.0
Técnico en Comercio Exterior,Técnico en Comercio Exterior,Administración y Comercio,tecnico,04,"Business, administration and law",041,Business and administration,0416,Wholesale and retail sales,tecnico 100.0%,96.0
Técnico en Computación e Informática,Técnico en Computación e Informática,Tecnología,tecnico,06,Information and Communication Technologies (ICTs),061,Information and Communication Technologies (ICTs),0613,Software and applications development and analysis,tecnico 100.0%,539.0
Técnico en Comunicación Audiovisual,Técnico en Comunicación Audiovisual,Arte y Arquitectura,tecnico,02,Arts and humanities,021,Arts,0211,Audio-visual techniques and media production,tecnico 100.0%,29.0
Técnico en Construcción y Obras Civiles,Técnico en Construcción y Obras Civiles,Tecnología,tecnico,07,"Engineering, manufacturing and construction",073,Architecture and construction,0732,Building and civil engineering,tecnico 100.0%,358.0
Técnico en Contabilidad General,Técnico en Contabilidad General,Administración y Comercio,tecnico,04,"Business, administration and law",041,Business and administration,0411,Accounting and taxation,tecnico 100.0%,270.0
"Técnico en Deporte, Recreación y Preparación Física","Técnico en Deporte, Recreación y Preparación Física",Educación,tecnico,10,Services,101,Personal services,1014,Sports,tecnico 100.0%,194.0
Técnico en Dibujo Técnico,Técnico en Dibujo Técnico,Tecnología,tecnico,07,"Engineering, manufacturing and construction",073,Architecture and construction,0732,Building and civil engineering,tecnico 100.0%,9.0
Técnico en Diseño Gráfico,Técnico en Diseño Gráfico,Arte y Arquitectura,tecnico,02,Arts and humanities,021,Arts,0212,"Fashion, interior and industrial design",tecnico 100.0%,153.0
Técnico en Diseño Industrial,Técnico en Diseño Industrial,Tecnología,tecnico,02,Arts and humanities,021,Arts,0212,"Fashion, interior and industrial design",tecnico 100.0%,9.0
Técnico en Electricidad y Electricidad Industrial,Técnico en Electricidad y Electricidad Industrial,Tecnología,tecnico,07,"Engineering, manufacturing and construction",071,Engineering and engineering trades,0713,Electricity and energy,tecnico 100.0%,423.0
Técnico en Electromecánica,Técnico en Electromecánica,Tecnología,tecnico,07,"Engineering, manufacturing and construction",071,Engineering and engineering trades,0714,Electronics and automation,tecnico 100.0%,105.0
Técnico en Electrónica y Electrónica Industrial,Técnico en Electrónica y Electrónica Industrial,Tecnología,tecnico,07,"Engineering, manufacturing and construction",071,Engineering and engineering trades,0714,Electronics and automation,tecnico 100.0%,31.0
Técnico en Enfermería,Técnico en Enfermería,Salud,tecnico,09,Health and welfare,091,Health,0913,Nursing and midwifery,tecnico 100.0%,663.0
Técnico en Farmacia,Técnico en Farmacia,Salud,tecnico,09,Health and welfare,091,Health,0916,Pharmacy,tecnico 100.0%,91.0
Técnico en Gastronomía y Cocina,Técnico en Gastronomía y Cocina,Administración y Comercio,tecnico,10,Services,101,Personal services,1013,"Hotel, restaurants and catering",tecnico 100.0%,213.0
Técnico en Geología,Técnico en Geología,Ciencias Básicas,tecnico,05,"Natural sciences, mathematics and statistics",053,Physical sciences,0532,Earth sciences,tecnico 100.0%,10.0
Técnico en Geominería,Técnico en Geominería,Ciencias Básicas,tecnico,07,"Engineering, manufacturing and construction",072,Manufacturing and processing,0724,Mining and extraction,tecnico 100.0%,11.0
Técnico en Gestión Cultural,Otros Técnicos de Arte y Arquitectura,Arte y Arquitectura,tecnico,03,"Social sciences, journalism and information",032,Journalism and information,0322,"Library, information and archival studies",,
Técnico en Gestión y Control de Calidad,Técnico en Gestión y Control de Calidad,Administración y Comercio,tecnico,04,"Business, administration and law",041,Business and administration,0413,Management and administration,tecnico 100.0%,13.0
Técnico en Industria Forestal o de la Madera,Técnico en Industria Forestal o de la Madera,Tecnología,tecnico,07,"Engineering, manufacturing and construction",072,Manufacturing and processing,0722,"Materials (glass, paper, plastic and wood)",,
"Técnico en Instrumentación, Automatización y Control Industrial","Técnico en Instrumentación, Automatización y Control Industrial",Tecnología,tecnico,07,"Engineering, manufacturing and construction",071,Engineering and engineering trades,0714,Electronics and automation,tecnico 100.0%,218.0
Técnico en Laboratorio Clínico,Técnico en Laboratorio Clínico,Salud,tecnico,09,Health and welfare,091,Health,0914,Medical diagnostic and treatment technology,tecnico 100.0%,38.0
Técnico en Logística,Técnico en Logística,Administración y Comercio,tecnico,10,Services,104,Transport services,1041,Transport services,tecnico 100.0%,377.0
Técnico en Mantenimiento Industrial,Técnico en Mantenimiento Industrial,Tecnología,tecnico,07,"Engineering, manufacturing and construction",071,Engineering and engineering trades,0715,Mechanics and metal trades,tecnico 100.0%,180.0
Técnico en Masoterapia,Técnico en Masoterapia,Salud,tecnico,09,Health and welfare,091,Health,0917,Traditional and complementary medicine and therapy,tecnico 100.0%,93.0
Técnico en Mecatrónica,Técnico en Mecatrónica,Tecnología,tecnico,07,"Engineering, manufacturing and construction",071,Engineering and engineering trades,0714,Electronics and automation,tecnico 100.0%,25.0
Técnico en Mecánica Automotriz,Técnico en Mecánica Automotriz,Tecnología,tecnico,07,"Engineering, manufacturing and construction",071,Engineering and engineering trades,0716,"Motor vehicles, ships and aircraft",tecnico 100.0%,212.0
Técnico en Mecánica Industrial,Técnico en Mecánica Industrial,Tecnología,tecnico,07,"Engineering, manufacturing and construction",071,Engineering and engineering trades,0715,Mechanics and metal trades,tecnico 100.0%,67.0
Técnico en Medio Ambiente (Control y Gestión),Técnico en Medio Ambiente (Control y Gestión),Tecnología,tecnico,05,"Natural sciences, mathematics and statistics",052,Environment,0521,Environmental sciences,tecnico 100.0%,54.0
Técnico en Metalurgia,Técnico en Metalurgia,Tecnología,tecnico,07,"Engineering, manufacturing and construction",071,Engineering and engineering trades,0715,Mechanics and metal trades,tecnico 100.0%,32.0
Técnico en Minería,Técnico en Minería,Tecnología,tecnico,07,"Engineering, manufacturing and construction",072,Manufacturing and processing,0724,Mining and extraction,tecnico 100.0%,181.0
Técnico en Peluquería y Estética,Técnico en Peluquería y Estética,Arte y Arquitectura,tecnico,10,Services,101,Personal services,1012,Hair and beauty services,tecnico 100.0%,151.0
Técnico en Podología,Técnico en Podología,Salud,tecnico,09,Health and welfare,091,Health,0917,Traditional and complementary medicine and therapy,tecnico 100.0%,135.0
Técnico en Prevención de Riesgos,Técnico en Prevención de Riesgos,Tecnología,tecnico,07,"Engineering, manufacturing and construction",071,Engineering and engineering trades,0712,Environmental protection technology,tecnico 100.0%,360.0
Técnico en Prevención y Rehabilitación,Técnico en Prevención y Rehabilitación,Ciencias Sociales,tecnico,09,Health and welfare,092,Welfare,0923,Social work and counselling,tecnico 100.0%,38.0
Técnico en Procesos Industriales,Técnico en Procesos Industriales,Tecnología,tecnico,07,"Engineering, manufacturing and construction",071,Engineering and engineering trades,0711,Chemical engineering and processes,tecnico 100.0%,22.0
Técnico en Producción de Eventos,Técnico en Producción de Eventos,Administración y Comercio,tecnico,04,"Business, administration and law",041,Business and administration,0414,Marketing and advertising,tecnico 100.0%,10.0
"Técnico en Producción, Desarrollo y Diseño Web","Técnico en Producción, Desarrollo y Diseño Web",Tecnología,tecnico,02,Arts and humanities,021,Arts,0211,Audio-visual techniques and media production,tecnico 100.0%,20.0
Técnico en Química (Análisis e Industrial),Técnico en Química (Análisis e Industrial),Ciencias Básicas,tecnico,05,"Natural sciences, mathematics and statistics",053,Physical sciences,0531,Chemistry,tecnico 100.0%,29.0
Técnico en Radiología y Radioterapia,Técnico en Radiología y Radioterapia,Salud,tecnico,09,Health and welfare,091,Health,0914,Medical diagnostic and treatment technology,tecnico 100.0%,20.0
Técnico en Refrigeración y Climatización,Técnico en Refrigeración y Climatización,Tecnología,tecnico,07,"Engineering, manufacturing and construction",071,Engineering and engineering trades,0715,Mechanics and metal trades,tecnico 100.0%,49.0
Técnico en Servicio Social,Técnico en Servicio Social,Ciencias Sociales,tecnico,09,Health and welfare,092,Welfare,0923,Social work and counselling,tecnico 100.0%,252.0
Técnico en Sonido,Técnico en Sonido,Tecnología,tecnico,02,Arts and humanities,021,Arts,0211,Audio-visual techniques and media production,tecnico 100.0%,34.0
Técnico en Telecomunicaciones,Técnico en Telecomunicaciones,Tecnología,tecnico,07,"Engineering, manufacturing and construction",071,Engineering and engineering trades,0714,Electronics and automation,tecnico 100.0%,102.0
Técnico en Terapias Naturales y Naturopatía,Técnico en Terapias Naturales y Naturopatía,Salud,tecnico,09,Health and welfare,091,Health,0917,Traditional and complementary medicine and therapy,tecnico 100.0%,42.0
Técnico en Topografía,Técnico en Topografía,Tecnología,tecnico,07,"Engineering, manufacturing and construction",073,Architecture and construction,0732,Building and civil engineering,tecnico 100.0%,123.0
Técnico en Traducción e Interpretariado,Técnico en Traducción e Interpretariado,Humanidades,tecnico,02,Arts and humanities,023,Languages,0232,Literature and linguistics,tecnico 100.0%,16.0
Técnico en Transporte Marítimo y Puertos,Técnico en Transporte Marítimo y Puertos,Tecnología,tecnico,10,Services,104,Transport services,1041,Transport services,tecnico 100.0%,20.0
Técnico en Turismo y Hotelería,Técnico en Turismo y Hotelería,Administración y Comercio,tecnico,10,Services,101,Personal services,1015,"Travel, tourism and leisure",tecnico 100.0%,262.0
Técnico en Vitivinicultura y/o Enología,Técnico en Vitivinicultura y/o Enología,Agropecuaria,tecnico,08,"Agriculture, forestry, fisheries and veterinary",081,Agriculture,0811,Crop and livestock production,tecnico 100.0%,14.0
Técnico en Óptica,Técnico en Óptica,Salud,tecnico,09,Health and welfare,091,Health,0914,Medical diagnostic and treatment technology,tecnico 100.0%,1.0
